dataset,model,fold,size,split,f1,recall
cleveland,random_forest,0,24,train,1.0,1.0
cleveland,random_forest,0,24,val,0.7796610169491526,0.8214285714285714
cleveland,logistic_regression,0,24,train,0.8571428571428571,0.8181818181818182
cleveland,logistic_regression,0,24,val,0.8,0.8571428571428571
cleveland,random_forest,0,48,train,1.0,1.0
cleveland,random_forest,0,48,val,0.8363636363636363,0.8214285714285714
cleveland,logistic_regression,0,48,train,0.9523809523809523,0.9090909090909091
cleveland,logistic_regression,0,48,val,0.847457627118644,0.8928571428571429
cleveland,random_forest,0,72,train,0.9850746268656716,1.0
cleveland,random_forest,0,72,val,0.8727272727272727,0.8571428571428571
cleveland,logistic_regression,0,72,train,0.8787878787878788,0.8787878787878788
cleveland,logistic_regression,0,72,val,0.8064516129032258,0.8928571428571429
cleveland,random_forest,0,96,train,0.9662921348314607,0.9772727272727273
cleveland,random_forest,0,96,val,0.8571428571428571,0.8571428571428571
cleveland,logistic_regression,0,96,train,0.8764044943820225,0.8863636363636364
cleveland,logistic_regression,0,96,val,0.8275862068965517,0.8571428571428571
cleveland,random_forest,0,121,train,0.9724770642201835,0.9636363636363636
cleveland,random_forest,0,121,val,0.896551724137931,0.9285714285714286
cleveland,logistic_regression,0,121,train,0.8648648648648649,0.8727272727272727
cleveland,logistic_regression,0,121,val,0.8333333333333334,0.8928571428571429
cleveland,random_forest,0,145,train,0.9924812030075187,1.0
cleveland,random_forest,0,145,val,0.8620689655172413,0.8928571428571429
cleveland,logistic_regression,0,145,train,0.8615384615384616,0.8484848484848485
cleveland,logistic_regression,0,145,val,0.8333333333333334,0.8928571428571429
cleveland,random_forest,0,169,train,0.987012987012987,0.987012987012987
cleveland,random_forest,0,169,val,0.8727272727272727,0.8571428571428571
cleveland,logistic_regression,0,169,train,0.847682119205298,0.8311688311688312
cleveland,logistic_regression,0,169,val,0.9090909090909091,0.8928571428571429
cleveland,random_forest,0,193,train,0.9830508474576272,0.9886363636363636
cleveland,random_forest,0,193,val,0.8771929824561403,0.8928571428571429
cleveland,logistic_regression,0,193,train,0.8620689655172413,0.8522727272727273
cleveland,logistic_regression,0,193,val,0.9090909090909091,0.8928571428571429
cleveland,random_forest,0,217,train,0.9748743718592965,0.9797979797979798
cleveland,random_forest,0,217,val,0.8771929824561403,0.8928571428571429
cleveland,logistic_regression,0,217,train,0.8601036269430051,0.8383838383838383
cleveland,logistic_regression,0,217,val,0.9090909090909091,0.8928571428571429
cleveland,random_forest,0,242,train,0.9818181818181818,0.9818181818181818
cleveland,random_forest,0,242,val,0.8928571428571429,0.8928571428571429
cleveland,logistic_regression,0,242,train,0.8465116279069768,0.8272727272727273
cleveland,logistic_regression,0,242,val,0.8928571428571429,0.8928571428571429
cleveland,random_forest,1,24,train,1.0,1.0
cleveland,random_forest,1,24,val,0.8518518518518519,0.8214285714285714
cleveland,logistic_regression,1,24,train,1.0,1.0
cleveland,logistic_regression,1,24,val,0.8,0.7857142857142857
cleveland,random_forest,1,48,train,1.0,1.0
cleveland,random_forest,1,48,val,0.8709677419354839,0.9642857142857143
cleveland,logistic_regression,1,48,train,0.8636363636363636,0.8636363636363636
cleveland,logistic_regression,1,48,val,0.8571428571428571,0.9642857142857143
cleveland,random_forest,1,72,train,1.0,1.0
cleveland,random_forest,1,72,val,0.8135593220338984,0.8571428571428571
cleveland,logistic_regression,1,72,train,0.835820895522388,0.8484848484848485
cleveland,logistic_regression,1,72,val,0.8524590163934426,0.9285714285714286
cleveland,random_forest,1,96,train,0.9885057471264368,0.9772727272727273
cleveland,random_forest,1,96,val,0.8387096774193549,0.9285714285714286
cleveland,logistic_regression,1,96,train,0.8444444444444444,0.8636363636363636
cleveland,logistic_regression,1,96,val,0.8333333333333334,0.8928571428571429
cleveland,random_forest,1,121,train,0.9724770642201835,0.9636363636363636
cleveland,random_forest,1,121,val,0.8620689655172413,0.8928571428571429
cleveland,logistic_regression,1,121,train,0.8545454545454545,0.8545454545454545
cleveland,logistic_regression,1,121,val,0.8620689655172413,0.8928571428571429
cleveland,random_forest,1,145,train,0.9696969696969697,0.9696969696969697
cleveland,random_forest,1,145,val,0.8421052631578947,0.8571428571428571
cleveland,logistic_regression,1,145,train,0.8769230769230769,0.8636363636363636
cleveland,logistic_regression,1,145,val,0.8275862068965517,0.8571428571428571
cleveland,random_forest,1,169,train,0.9803921568627451,0.974025974025974
cleveland,random_forest,1,169,val,0.8620689655172413,0.8928571428571429
cleveland,logistic_regression,1,169,train,0.8552631578947368,0.8441558441558441
cleveland,logistic_regression,1,169,val,0.8421052631578947,0.8571428571428571
cleveland,random_forest,1,193,train,0.9828571428571429,0.9772727272727273
cleveland,random_forest,1,193,val,0.8275862068965517,0.8571428571428571
cleveland,logistic_regression,1,193,train,0.8654970760233918,0.8409090909090909
cleveland,logistic_regression,1,193,val,0.8275862068965517,0.8571428571428571
cleveland,random_forest,1,217,train,0.9795918367346939,0.9696969696969697
cleveland,random_forest,1,217,val,0.8421052631578947,0.8571428571428571
cleveland,logistic_regression,1,217,train,0.8601036269430051,0.8383838383838383
cleveland,logistic_regression,1,217,val,0.8421052631578947,0.8571428571428571
cleveland,random_forest,1,242,train,0.9863013698630136,0.9818181818181818
cleveland,random_forest,1,242,val,0.8275862068965517,0.8571428571428571
cleveland,logistic_regression,1,242,train,0.8611111111111112,0.8454545454545455
cleveland,logistic_regression,1,242,val,0.8771929824561403,0.8928571428571429
cleveland,random_forest,2,24,train,1.0,1.0
cleveland,random_forest,2,24,val,0.6296296296296297,0.6071428571428571
cleveland,logistic_regression,2,24,train,0.9523809523809523,0.9090909090909091
cleveland,logistic_regression,2,24,val,0.6666666666666666,0.6785714285714286
cleveland,random_forest,2,48,train,0.9777777777777777,1.0
cleveland,random_forest,2,48,val,0.6415094339622641,0.6071428571428571
cleveland,logistic_regression,2,48,train,0.9047619047619048,0.8636363636363636
cleveland,logistic_regression,2,48,val,0.6545454545454545,0.6428571428571429
cleveland,random_forest,2,72,train,0.9850746268656716,1.0
cleveland,random_forest,2,72,val,0.64,0.5714285714285714
cleveland,logistic_regression,2,72,train,0.84375,0.8181818181818182
cleveland,logistic_regression,2,72,val,0.6938775510204082,0.6071428571428571
cleveland,random_forest,2,96,train,0.9887640449438202,1.0
cleveland,random_forest,2,96,val,0.6530612244897959,0.5714285714285714
cleveland,logistic_regression,2,96,train,0.8636363636363636,0.8636363636363636
cleveland,logistic_regression,2,96,val,0.7346938775510204,0.6428571428571429
cleveland,random_forest,2,121,train,0.990990990990991,1.0
cleveland,random_forest,2,121,val,0.6666666666666666,0.5714285714285714
cleveland,logistic_regression,2,121,train,0.8518518518518519,0.8363636363636363
cleveland,logistic_regression,2,121,val,0.6938775510204082,0.6071428571428571
cleveland,random_forest,2,145,train,0.9924812030075187,1.0
cleveland,random_forest,2,145,val,0.7083333333333334,0.6071428571428571
cleveland,logistic_regression,2,145,train,0.8769230769230769,0.8636363636363636
cleveland,logistic_regression,2,145,val,0.7058823529411765,0.6428571428571429
cleveland,random_forest,2,169,train,0.987012987012987,0.987012987012987
cleveland,random_forest,2,169,val,0.6530612244897959,0.5714285714285714
cleveland,logistic_regression,2,169,train,0.881578947368421,0.8701298701298701
cleveland,logistic_regression,2,169,val,0.6938775510204082,0.6071428571428571
cleveland,random_forest,2,193,train,0.9886363636363636,0.9886363636363636
cleveland,random_forest,2,193,val,0.68,0.6071428571428571
cleveland,logistic_regression,2,193,train,0.872093023255814,0.8522727272727273
cleveland,logistic_regression,2,193,val,0.6938775510204082,0.6071428571428571
cleveland,random_forest,2,217,train,0.98,0.98989898989899
cleveland,random_forest,2,217,val,0.68,0.6071428571428571
cleveland,logistic_regression,2,217,train,0.8762886597938144,0.8585858585858586
cleveland,logistic_regression,2,217,val,0.7058823529411765,0.6428571428571429
cleveland,random_forest,2,242,train,0.9819819819819819,0.990909090909091
cleveland,random_forest,2,242,val,0.6923076923076923,0.6428571428571429
cleveland,logistic_regression,2,242,train,0.8888888888888888,0.8727272727272727
cleveland,logistic_regression,2,242,val,0.6938775510204082,0.6071428571428571
cleveland,random_forest,3,24,train,1.0,1.0
cleveland,random_forest,3,24,val,0.7058823529411765,0.6666666666666666
cleveland,logistic_regression,3,24,train,1.0,1.0
cleveland,logistic_regression,3,24,val,0.7017543859649122,0.7407407407407407
cleveland,random_forest,3,48,train,1.0,1.0
cleveland,random_forest,3,48,val,0.7924528301886793,0.7777777777777778
cleveland,logistic_regression,3,48,train,0.9090909090909091,0.9090909090909091
cleveland,logistic_regression,3,48,val,0.6938775510204082,0.6296296296296297
cleveland,random_forest,3,72,train,0.9850746268656716,1.0
cleveland,random_forest,3,72,val,0.8076923076923077,0.7777777777777778
cleveland,logistic_regression,3,72,train,0.8923076923076924,0.8787878787878788
cleveland,logistic_regression,3,72,val,0.7346938775510204,0.6666666666666666
cleveland,random_forest,3,96,train,0.9887640449438202,1.0
cleveland,random_forest,3,96,val,0.84,0.7777777777777778
cleveland,logistic_regression,3,96,train,0.8705882352941177,0.8409090909090909
cleveland,logistic_regression,3,96,val,0.7450980392156863,0.7037037037037037
cleveland,random_forest,3,121,train,0.9818181818181818,0.9818181818181818
cleveland,random_forest,3,121,val,0.7924528301886793,0.7777777777777778
cleveland,logistic_regression,3,121,train,0.8703703703703703,0.8545454545454545
cleveland,logistic_regression,3,121,val,0.7450980392156863,0.7037037037037037
cleveland,random_forest,3,145,train,0.9848484848484849,0.9848484848484849
cleveland,random_forest,3,145,val,0.76,0.7037037037037037
cleveland,logistic_regression,3,145,train,0.8527131782945736,0.8333333333333334
cleveland,logistic_regression,3,145,val,0.7843137254901961,0.7407407407407407
cleveland,random_forest,3,169,train,0.9868421052631579,0.974025974025974
cleveland,random_forest,3,169,val,0.7692307692307693,0.7407407407407407
cleveland,logistic_regression,3,169,train,0.8533333333333334,0.8311688311688312
cleveland,logistic_regression,3,169,val,0.7843137254901961,0.7407407407407407
cleveland,random_forest,3,193,train,0.9886363636363636,0.9886363636363636
cleveland,random_forest,3,193,val,0.8076923076923077,0.7777777777777778
cleveland,logistic_regression,3,193,train,0.8439306358381503,0.8295454545454546
cleveland,logistic_regression,3,193,val,0.8076923076923077,0.7777777777777778
cleveland,random_forest,3,217,train,0.98,0.98989898989899
cleveland,random_forest,3,217,val,0.8076923076923077,0.7777777777777778
cleveland,logistic_regression,3,217,train,0.837696335078534,0.8080808080808081
cleveland,logistic_regression,3,217,val,0.8076923076923077,0.7777777777777778
cleveland,random_forest,3,242,train,0.9818181818181818,0.972972972972973
cleveland,random_forest,3,242,val,0.8235294117647058,0.7777777777777778
cleveland,logistic_regression,3,242,train,0.8356807511737089,0.8018018018018018
cleveland,logistic_regression,3,242,val,0.8076923076923077,0.7777777777777778
cleveland,random_forest,4,24,train,1.0,1.0
cleveland,random_forest,4,24,val,0.6909090909090909,0.7037037037037037
cleveland,logistic_regression,4,24,train,0.9565217391304348,1.0
cleveland,logistic_regression,4,24,val,0.8421052631578947,0.8888888888888888
cleveland,random_forest,4,48,train,1.0,1.0
cleveland,random_forest,4,48,val,0.7450980392156863,0.7037037037037037
cleveland,logistic_regression,4,48,train,0.9130434782608695,0.9545454545454546
cleveland,logistic_regression,4,48,val,0.8148148148148148,0.8148148148148148
cleveland,random_forest,4,72,train,1.0,1.0
cleveland,random_forest,4,72,val,0.7346938775510204,0.6666666666666666
cleveland,logistic_regression,4,72,train,0.875,0.8484848484848485
cleveland,logistic_regression,4,72,val,0.8679245283018868,0.8518518518518519
cleveland,random_forest,4,96,train,0.9885057471264368,0.9772727272727273
cleveland,random_forest,4,96,val,0.8076923076923077,0.7777777777777778
cleveland,logistic_regression,4,96,train,0.8837209302325582,0.8636363636363636
cleveland,logistic_regression,4,96,val,0.8679245283018868,0.8518518518518519
cleveland,random_forest,4,121,train,0.9908256880733946,0.9818181818181818
cleveland,random_forest,4,121,val,0.8461538461538461,0.8148148148148148
cleveland,logistic_regression,4,121,train,0.8598130841121495,0.8363636363636363
cleveland,logistic_regression,4,121,val,0.8301886792452831,0.8148148148148148
cleveland,random_forest,4,145,train,0.9923664122137404,0.9848484848484849
cleveland,random_forest,4,145,val,0.7755102040816326,0.7037037037037037
cleveland,logistic_regression,4,145,train,0.8854961832061069,0.8787878787878788
cleveland,logistic_regression,4,145,val,0.8076923076923077,0.7777777777777778
cleveland,random_forest,4,169,train,0.987012987012987,0.987012987012987
cleveland,random_forest,4,169,val,0.7083333333333334,0.6296296296296297
cleveland,logistic_regression,4,169,train,0.8648648648648649,0.8311688311688312
cleveland,logistic_regression,4,169,val,0.8301886792452831,0.8148148148148148
cleveland,random_forest,4,193,train,0.9886363636363636,0.9886363636363636
cleveland,random_forest,4,193,val,0.7755102040816326,0.7037037037037037
cleveland,logistic_regression,4,193,train,0.8705882352941177,0.8409090909090909
cleveland,logistic_regression,4,193,val,0.8301886792452831,0.8148148148148148
cleveland,random_forest,4,217,train,0.9849246231155779,0.98989898989899
cleveland,random_forest,4,217,val,0.7843137254901961,0.7407407407407407
cleveland,logistic_regression,4,217,train,0.8571428571428571,0.8181818181818182
cleveland,logistic_regression,4,217,val,0.8148148148148148,0.8148148148148148
cleveland,random_forest,4,242,train,0.9821428571428571,0.990990990990991
cleveland,random_forest,4,242,val,0.7755102040816326,0.7037037037037037
cleveland,logistic_regression,4,242,train,0.8544600938967136,0.8198198198198198
cleveland,logistic_regression,4,242,val,0.8627450980392157,0.8148148148148148
cleveland,random_forest,5,24,train,1.0,1.0
cleveland,random_forest,5,24,val,0.7301587301587301,0.8214285714285714
cleveland,logistic_regression,5,24,train,1.0,1.0
cleveland,logistic_regression,5,24,val,0.8,0.8571428571428571
cleveland,random_forest,5,48,train,0.9777777777777777,1.0
cleveland,random_forest,5,48,val,0.819672131147541,0.8928571428571429
cleveland,logistic_regression,5,48,train,0.9545454545454546,0.9545454545454546
cleveland,logistic_regression,5,48,val,0.8214285714285714,0.8214285714285714
cleveland,random_forest,5,72,train,0.9850746268656716,1.0
cleveland,random_forest,5,72,val,0.8064516129032258,0.8928571428571429
cleveland,logistic_regression,5,72,train,0.9090909090909091,0.9090909090909091
cleveland,logistic_regression,5,72,val,0.8275862068965517,0.8571428571428571
cleveland,random_forest,5,96,train,0.9887640449438202,1.0
cleveland,random_forest,5,96,val,0.8333333333333334,0.8928571428571429
cleveland,logistic_regression,5,96,train,0.8863636363636364,0.8863636363636364
cleveland,logistic_regression,5,96,val,0.8275862068965517,0.8571428571428571
cleveland,random_forest,5,121,train,1.0,1.0
cleveland,random_forest,5,121,val,0.8333333333333334,0.8928571428571429
cleveland,logistic_regression,5,121,train,0.8468468468468469,0.8545454545454545
cleveland,logistic_regression,5,121,val,0.8135593220338984,0.8571428571428571
cleveland,random_forest,5,145,train,1.0,1.0
cleveland,random_forest,5,145,val,0.847457627118644,0.8928571428571429
cleveland,logistic_regression,5,145,train,0.8421052631578947,0.8484848484848485
cleveland,logistic_regression,5,145,val,0.8275862068965517,0.8571428571428571
cleveland,random_forest,5,169,train,1.0,1.0
cleveland,random_forest,5,169,val,0.8620689655172413,0.8928571428571429
cleveland,logistic_regression,5,169,train,0.8289473684210527,0.8181818181818182
cleveland,logistic_regression,5,169,val,0.8214285714285714,0.8214285714285714
cleveland,random_forest,5,193,train,0.9828571428571429,0.9772727272727273
cleveland,random_forest,5,193,val,0.8620689655172413,0.8928571428571429
cleveland,logistic_regression,5,193,train,0.8421052631578947,0.8181818181818182
cleveland,logistic_regression,5,193,val,0.8727272727272727,0.8571428571428571
cleveland,random_forest,5,217,train,0.9949238578680203,0.98989898989899
cleveland,random_forest,5,217,val,0.8571428571428571,0.8571428571428571
cleveland,logistic_regression,5,217,train,0.8421052631578947,0.8080808080808081
cleveland,logistic_regression,5,217,val,0.8571428571428571,0.8571428571428571
cleveland,random_forest,5,242,train,0.9818181818181818,0.9818181818181818
cleveland,random_forest,5,242,val,0.8928571428571429,0.8928571428571429
cleveland,logistic_regression,5,242,train,0.839622641509434,0.8090909090909091
cleveland,logistic_regression,5,242,val,0.8771929824561403,0.8928571428571429
cleveland,random_forest,6,24,train,1.0,1.0
cleveland,random_forest,6,24,val,0.7924528301886793,0.75
cleveland,logistic_regression,6,24,train,1.0,1.0
cleveland,logistic_regression,6,24,val,0.7719298245614035,0.7857142857142857
cleveland,random_forest,6,48,train,1.0,1.0
cleveland,random_forest,6,48,val,0.7636363636363637,0.75
cleveland,logistic_regression,6,48,train,0.9302325581395349,0.9090909090909091
cleveland,logistic_regression,6,48,val,0.7407407407407407,0.7142857142857143
cleveland,random_forest,6,72,train,0.9846153846153847,0.9696969696969697
cleveland,random_forest,6,72,val,0.7241379310344828,0.75
cleveland,logistic_regression,6,72,train,0.9375,0.9090909090909091
cleveland,logistic_regression,6,72,val,0.7777777777777778,0.75
cleveland,random_forest,6,96,train,0.9772727272727273,0.9772727272727273
cleveland,random_forest,6,96,val,0.7666666666666667,0.8214285714285714
cleveland,logistic_regression,6,96,train,0.9425287356321839,0.9318181818181818
cleveland,logistic_regression,6,96,val,0.7272727272727273,0.7142857142857143
cleveland,random_forest,6,121,train,0.9821428571428571,1.0
cleveland,random_forest,6,121,val,0.7719298245614035,0.7857142857142857
cleveland,logistic_regression,6,121,train,0.8888888888888888,0.8727272727272727
cleveland,logistic_regression,6,121,val,0.7857142857142857,0.7857142857142857
cleveland,random_forest,6,145,train,0.9924812030075187,1.0
cleveland,random_forest,6,145,val,0.7692307692307693,0.7142857142857143
cleveland,logistic_regression,6,145,train,0.8923076923076924,0.8787878787878788
cleveland,logistic_regression,6,145,val,0.8148148148148148,0.7857142857142857
cleveland,random_forest,6,169,train,0.987012987012987,0.987012987012987
cleveland,random_forest,6,169,val,0.7692307692307693,0.7142857142857143
cleveland,logistic_regression,6,169,train,0.8741721854304636,0.8571428571428571
cleveland,logistic_regression,6,169,val,0.7857142857142857,0.7857142857142857
cleveland,random_forest,6,193,train,0.9885057471264368,0.9772727272727273
cleveland,random_forest,6,193,val,0.8148148148148148,0.7857142857142857
cleveland,logistic_regression,6,193,train,0.8705882352941177,0.8409090909090909
cleveland,logistic_regression,6,193,val,0.8070175438596491,0.8214285714285714
cleveland,random_forest,6,217,train,0.9797979797979798,0.9797979797979798
cleveland,random_forest,6,217,val,0.7636363636363637,0.75
cleveland,logistic_regression,6,217,train,0.8704663212435233,0.8484848484848485
cleveland,logistic_regression,6,217,val,0.8363636363636363,0.8214285714285714
cleveland,random_forest,6,242,train,0.9818181818181818,0.9818181818181818
cleveland,random_forest,6,242,val,0.7924528301886793,0.75
cleveland,logistic_regression,6,242,train,0.8544600938967136,0.8272727272727273
cleveland,logistic_regression,6,242,val,0.8235294117647058,0.75
cleveland,random_forest,7,24,train,1.0,1.0
cleveland,random_forest,7,24,val,0.8148148148148148,0.7857142857142857
cleveland,logistic_regression,7,24,train,1.0,1.0
cleveland,logistic_regression,7,24,val,0.8070175438596491,0.8214285714285714
cleveland,random_forest,7,48,train,1.0,1.0
cleveland,random_forest,7,48,val,0.8148148148148148,0.7857142857142857
cleveland,logistic_regression,7,48,train,0.9090909090909091,0.9090909090909091
cleveland,logistic_regression,7,48,val,0.8518518518518519,0.8214285714285714
cleveland,random_forest,7,72,train,1.0,1.0
cleveland,random_forest,7,72,val,0.7924528301886793,0.75
cleveland,logistic_regression,7,72,train,0.9206349206349206,0.8787878787878788
cleveland,logistic_regression,7,72,val,0.8301886792452831,0.7857142857142857
cleveland,random_forest,7,96,train,0.9885057471264368,0.9772727272727273
cleveland,random_forest,7,96,val,0.8679245283018868,0.8214285714285714
cleveland,logistic_regression,7,96,train,0.9213483146067416,0.9318181818181818
cleveland,logistic_regression,7,96,val,0.8148148148148148,0.7857142857142857
cleveland,random_forest,7,121,train,0.9908256880733946,0.9818181818181818
cleveland,random_forest,7,121,val,0.8679245283018868,0.8214285714285714
cleveland,logistic_regression,7,121,train,0.9174311926605505,0.9090909090909091
cleveland,logistic_regression,7,121,val,0.8148148148148148,0.7857142857142857
cleveland,random_forest,7,145,train,0.9846153846153847,0.9696969696969697
cleveland,random_forest,7,145,val,0.8888888888888888,0.8571428571428571
cleveland,logistic_regression,7,145,train,0.8769230769230769,0.8636363636363636
cleveland,logistic_regression,7,145,val,0.8363636363636363,0.8214285714285714
cleveland,random_forest,7,169,train,0.987012987012987,0.987012987012987
cleveland,random_forest,7,169,val,0.9090909090909091,0.8928571428571429
cleveland,logistic_regression,7,169,train,0.8666666666666667,0.8441558441558441
cleveland,logistic_regression,7,169,val,0.8363636363636363,0.8214285714285714
cleveland,random_forest,7,193,train,0.9886363636363636,0.9886363636363636
cleveland,random_forest,7,193,val,0.9090909090909091,0.8928571428571429
cleveland,logistic_regression,7,193,train,0.8654970760233918,0.8409090909090909
cleveland,logistic_regression,7,193,val,0.8363636363636363,0.8214285714285714
cleveland,random_forest,7,217,train,0.9847715736040609,0.9797979797979798
cleveland,random_forest,7,217,val,0.8888888888888888,0.8571428571428571
cleveland,logistic_regression,7,217,train,0.8677248677248677,0.8282828282828283
cleveland,logistic_regression,7,217,val,0.8727272727272727,0.8571428571428571
cleveland,random_forest,7,242,train,0.9773755656108597,0.9818181818181818
cleveland,random_forest,7,242,val,0.9056603773584906,0.8571428571428571
cleveland,logistic_regression,7,242,train,0.861244019138756,0.8181818181818182
cleveland,logistic_regression,7,242,val,0.8888888888888888,0.8571428571428571
cleveland,random_forest,8,24,train,1.0,1.0
cleveland,random_forest,8,24,val,0.7450980392156863,0.7037037037037037
cleveland,logistic_regression,8,24,train,1.0,1.0
cleveland,logistic_regression,8,24,val,0.75,0.6666666666666666
cleveland,random_forest,8,48,train,1.0,1.0
cleveland,random_forest,8,48,val,0.7450980392156863,0.7037037037037037
cleveland,logistic_regression,8,48,train,0.9523809523809523,0.9090909090909091
cleveland,logistic_regression,8,48,val,0.7719298245614035,0.8148148148148148
cleveland,random_forest,8,72,train,0.96875,0.9393939393939394
cleveland,random_forest,8,72,val,0.7924528301886793,0.7777777777777778
cleveland,logistic_regression,8,72,train,0.9393939393939394,0.9393939393939394
cleveland,logistic_regression,8,72,val,0.8,0.8888888888888888
cleveland,random_forest,8,96,train,0.9885057471264368,0.9772727272727273
cleveland,random_forest,8,96,val,0.7843137254901961,0.7407407407407407
cleveland,logistic_regression,8,96,train,0.896551724137931,0.8863636363636364
cleveland,logistic_regression,8,96,val,0.7777777777777778,0.7777777777777778
cleveland,random_forest,8,121,train,0.9908256880733946,0.9818181818181818
cleveland,random_forest,8,121,val,0.7450980392156863,0.7037037037037037
cleveland,logistic_regression,8,121,train,0.9009009009009009,0.9090909090909091
cleveland,logistic_regression,8,121,val,0.7636363636363637,0.7777777777777778
cleveland,random_forest,8,145,train,0.9924812030075187,1.0
cleveland,random_forest,8,145,val,0.76,0.7037037037037037
cleveland,logistic_regression,8,145,train,0.8787878787878788,0.8787878787878788
cleveland,logistic_regression,8,145,val,0.7692307692307693,0.7407407407407407
cleveland,random_forest,8,169,train,0.987012987012987,0.987012987012987
cleveland,random_forest,8,169,val,0.7450980392156863,0.7037037037037037
cleveland,logistic_regression,8,169,train,0.8741721854304636,0.8571428571428571
cleveland,logistic_regression,8,169,val,0.7450980392156863,0.7037037037037037
cleveland,random_forest,8,193,train,0.9886363636363636,0.9886363636363636
cleveland,random_forest,8,193,val,0.7450980392156863,0.7037037037037037
cleveland,logistic_regression,8,193,train,0.872093023255814,0.8522727272727273
cleveland,logistic_regression,8,193,val,0.7450980392156863,0.7037037037037037
cleveland,random_forest,8,217,train,0.98989898989899,0.98989898989899
cleveland,random_forest,8,217,val,0.72,0.6666666666666666
cleveland,logistic_regression,8,217,train,0.8911917098445595,0.8686868686868687
cleveland,logistic_regression,8,217,val,0.7692307692307693,0.7407407407407407
cleveland,random_forest,8,242,train,0.9818181818181818,0.972972972972973
cleveland,random_forest,8,242,val,0.7346938775510204,0.6666666666666666
cleveland,logistic_regression,8,242,train,0.8888888888888888,0.8648648648648649
cleveland,logistic_regression,8,242,val,0.7450980392156863,0.7037037037037037
cleveland,random_forest,9,24,train,1.0,1.0
cleveland,random_forest,9,24,val,0.7391304347826086,0.6296296296296297
cleveland,logistic_regression,9,24,train,1.0,1.0
cleveland,logistic_regression,9,24,val,0.7755102040816326,0.7037037037037037
cleveland,random_forest,9,48,train,1.0,1.0
cleveland,random_forest,9,48,val,0.7547169811320755,0.7407407407407407
cleveland,logistic_regression,9,48,train,0.9545454545454546,0.9545454545454546
cleveland,logistic_regression,9,48,val,0.8070175438596491,0.8518518518518519
cleveland,random_forest,9,72,train,1.0,1.0
cleveland,random_forest,9,72,val,0.7692307692307693,0.7407407407407407
cleveland,logistic_regression,9,72,train,0.9253731343283582,0.9393939393939394
cleveland,logistic_regression,9,72,val,0.8148148148148148,0.8148148148148148
cleveland,random_forest,9,96,train,0.9887640449438202,1.0
cleveland,random_forest,9,96,val,0.8421052631578947,0.8888888888888888
cleveland,logistic_regression,9,96,train,0.9047619047619048,0.8636363636363636
cleveland,logistic_regression,9,96,val,0.8,0.8888888888888888
cleveland,random_forest,9,121,train,0.990990990990991,1.0
cleveland,random_forest,9,121,val,0.7719298245614035,0.8148148148148148
cleveland,logistic_regression,9,121,train,0.9056603773584906,0.8727272727272727
cleveland,logistic_regression,9,121,val,0.8275862068965517,0.8888888888888888
cleveland,random_forest,9,145,train,0.9924812030075187,1.0
cleveland,random_forest,9,145,val,0.8363636363636363,0.8518518518518519
cleveland,logistic_regression,9,145,train,0.8682170542635659,0.8484848484848485
cleveland,logistic_regression,9,145,val,0.8363636363636363,0.8518518518518519
cleveland,random_forest,9,169,train,0.9935483870967742,1.0
cleveland,random_forest,9,169,val,0.7692307692307693,0.7407407407407407
cleveland,logistic_regression,9,169,train,0.8859060402684564,0.8571428571428571
cleveland,logistic_regression,9,169,val,0.8363636363636363,0.8518518518518519
cleveland,random_forest,9,193,train,0.9943502824858758,1.0
cleveland,random_forest,9,193,val,0.7924528301886793,0.7777777777777778
cleveland,logistic_regression,9,193,train,0.8654970760233918,0.8409090909090909
cleveland,logistic_regression,9,193,val,0.8461538461538461,0.8148148148148148
cleveland,random_forest,9,217,train,0.9849246231155779,0.98989898989899
cleveland,random_forest,9,217,val,0.7547169811320755,0.7407407407407407
cleveland,logistic_regression,9,217,train,0.8556701030927835,0.8383838383838383
cleveland,logistic_regression,9,217,val,0.8461538461538461,0.8148148148148148
cleveland,random_forest,9,242,train,0.9775784753363229,0.9819819819819819
cleveland,random_forest,9,242,val,0.7777777777777778,0.7777777777777778
cleveland,logistic_regression,9,242,train,0.8440366972477065,0.8288288288288288
cleveland,logistic_regression,9,242,val,0.8301886792452831,0.8148148148148148
cleveland,random_forest,10,24,train,1.0,1.0
cleveland,random_forest,10,24,val,0.68,0.6071428571428571
cleveland,logistic_regression,10,24,train,1.0,1.0
cleveland,logistic_regression,10,24,val,0.64,0.5714285714285714
cleveland,random_forest,10,48,train,1.0,1.0
cleveland,random_forest,10,48,val,0.7659574468085106,0.6428571428571429
cleveland,logistic_regression,10,48,train,0.9767441860465116,0.9545454545454546
cleveland,logistic_regression,10,48,val,0.7346938775510204,0.6428571428571429
cleveland,random_forest,10,72,train,0.9846153846153847,0.9696969696969697
cleveland,random_forest,10,72,val,0.7307692307692307,0.6785714285714286
cleveland,logistic_regression,10,72,train,0.9523809523809523,0.9090909090909091
cleveland,logistic_regression,10,72,val,0.7547169811320755,0.7142857142857143
cleveland,random_forest,10,96,train,1.0,1.0
cleveland,random_forest,10,96,val,0.7755102040816326,0.6785714285714286
cleveland,logistic_regression,10,96,train,0.9647058823529412,0.9318181818181818
cleveland,logistic_regression,10,96,val,0.7450980392156863,0.6785714285714286
cleveland,random_forest,10,121,train,0.990990990990991,1.0
cleveland,random_forest,10,121,val,0.7755102040816326,0.6785714285714286
cleveland,logistic_regression,10,121,train,0.9532710280373832,0.9272727272727272
cleveland,logistic_regression,10,121,val,0.7407407407407407,0.7142857142857143
cleveland,random_forest,10,145,train,0.9924812030075187,1.0
cleveland,random_forest,10,145,val,0.7307692307692307,0.6785714285714286
cleveland,logistic_regression,10,145,train,0.9302325581395349,0.9090909090909091
cleveland,logistic_regression,10,145,val,0.7407407407407407,0.7142857142857143
cleveland,random_forest,10,169,train,0.9935483870967742,1.0
cleveland,random_forest,10,169,val,0.7692307692307693,0.7142857142857143
cleveland,logistic_regression,10,169,train,0.9019607843137255,0.8961038961038961
cleveland,logistic_regression,10,169,val,0.7777777777777778,0.75
cleveland,random_forest,10,193,train,1.0,1.0
cleveland,random_forest,10,193,val,0.8076923076923077,0.75
cleveland,logistic_regression,10,193,train,0.8953488372093024,0.875
cleveland,logistic_regression,10,193,val,0.7924528301886793,0.75
cleveland,random_forest,10,217,train,0.9801980198019802,1.0
cleveland,random_forest,10,217,val,0.7924528301886793,0.75
cleveland,logistic_regression,10,217,train,0.8526315789473684,0.8181818181818182
cleveland,logistic_regression,10,217,val,0.8,0.7142857142857143
cleveland,random_forest,10,242,train,0.9864253393665159,0.990909090909091
cleveland,random_forest,10,242,val,0.7777777777777778,0.75
cleveland,logistic_regression,10,242,train,0.863849765258216,0.8363636363636363
cleveland,logistic_regression,10,242,val,0.8,0.7142857142857143
cleveland,random_forest,11,24,train,1.0,1.0
cleveland,random_forest,11,24,val,0.7142857142857143,0.7142857142857143
cleveland,logistic_regression,11,24,train,1.0,1.0
cleveland,logistic_regression,11,24,val,0.7719298245614035,0.7857142857142857
cleveland,random_forest,11,48,train,1.0,1.0
cleveland,random_forest,11,48,val,0.7931034482758621,0.8214285714285714
cleveland,logistic_regression,11,48,train,0.9545454545454546,0.9545454545454546
cleveland,logistic_regression,11,48,val,0.7666666666666667,0.8214285714285714
cleveland,random_forest,11,72,train,1.0,1.0
cleveland,random_forest,11,72,val,0.8,0.7857142857142857
cleveland,logistic_regression,11,72,train,0.8787878787878788,0.8787878787878788
cleveland,logistic_regression,11,72,val,0.8135593220338984,0.8571428571428571
cleveland,random_forest,11,96,train,1.0,1.0
cleveland,random_forest,11,96,val,0.7796610169491526,0.8214285714285714
cleveland,logistic_regression,11,96,train,0.9213483146067416,0.9318181818181818
cleveland,logistic_regression,11,96,val,0.8620689655172413,0.8928571428571429
cleveland,random_forest,11,121,train,0.9908256880733946,0.9818181818181818
cleveland,random_forest,11,121,val,0.847457627118644,0.8928571428571429
cleveland,logistic_regression,11,121,train,0.8828828828828829,0.8909090909090909
cleveland,logistic_regression,11,121,val,0.847457627118644,0.8928571428571429
cleveland,random_forest,11,145,train,0.9924812030075187,1.0
cleveland,random_forest,11,145,val,0.847457627118644,0.8928571428571429
cleveland,logistic_regression,11,145,train,0.8854961832061069,0.8787878787878788
cleveland,logistic_regression,11,145,val,0.847457627118644,0.8928571428571429
cleveland,random_forest,11,169,train,0.987012987012987,0.987012987012987
cleveland,random_forest,11,169,val,0.8620689655172413,0.8928571428571429
cleveland,logistic_regression,11,169,train,0.8666666666666667,0.8441558441558441
cleveland,logistic_regression,11,169,val,0.8813559322033898,0.9285714285714286
cleveland,random_forest,11,193,train,0.9830508474576272,0.9886363636363636
cleveland,random_forest,11,193,val,0.8275862068965517,0.8571428571428571
cleveland,logistic_regression,11,193,train,0.8352941176470589,0.8068181818181818
cleveland,logistic_regression,11,193,val,0.8421052631578947,0.8571428571428571
cleveland,random_forest,11,217,train,0.98989898989899,0.98989898989899
cleveland,random_forest,11,217,val,0.8333333333333334,0.8928571428571429
cleveland,logistic_regression,11,217,train,0.8421052631578947,0.8080808080808081
cleveland,logistic_regression,11,217,val,0.8214285714285714,0.8214285714285714
cleveland,random_forest,11,242,train,0.9864253393665159,0.990909090909091
cleveland,random_forest,11,242,val,0.8135593220338984,0.8571428571428571
cleveland,logistic_regression,11,242,train,0.8490566037735849,0.8181818181818182
cleveland,logistic_regression,11,242,val,0.8070175438596491,0.8214285714285714
cleveland,random_forest,12,24,train,1.0,1.0
cleveland,random_forest,12,24,val,0.7777777777777778,0.75
cleveland,logistic_regression,12,24,train,0.9565217391304348,1.0
cleveland,logistic_regression,12,24,val,0.75,0.75
cleveland,random_forest,12,48,train,1.0,1.0
cleveland,random_forest,12,48,val,0.8214285714285714,0.8214285714285714
cleveland,logistic_regression,12,48,train,0.9545454545454546,0.9545454545454546
cleveland,logistic_regression,12,48,val,0.8620689655172413,0.8928571428571429
cleveland,random_forest,12,72,train,1.0,1.0
cleveland,random_forest,12,72,val,0.8076923076923077,0.75
cleveland,logistic_regression,12,72,train,0.9393939393939394,0.9393939393939394
cleveland,logistic_regression,12,72,val,0.7666666666666667,0.8214285714285714
cleveland,random_forest,12,96,train,0.9887640449438202,1.0
cleveland,random_forest,12,96,val,0.8076923076923077,0.75
cleveland,logistic_regression,12,96,train,0.9195402298850575,0.9090909090909091
cleveland,logistic_regression,12,96,val,0.7368421052631579,0.75
cleveland,random_forest,12,121,train,0.9818181818181818,0.9818181818181818
cleveland,random_forest,12,121,val,0.8148148148148148,0.7857142857142857
cleveland,logistic_regression,12,121,train,0.8888888888888888,0.8727272727272727
cleveland,logistic_regression,12,121,val,0.8,0.7857142857142857
cleveland,random_forest,12,145,train,1.0,1.0
cleveland,random_forest,12,145,val,0.7777777777777778,0.75
cleveland,logistic_regression,12,145,train,0.8818897637795275,0.8484848484848485
cleveland,logistic_regression,12,145,val,0.8148148148148148,0.7857142857142857
cleveland,random_forest,12,169,train,0.987012987012987,0.987012987012987
cleveland,random_forest,12,169,val,0.7755102040816326,0.6785714285714286
cleveland,logistic_regression,12,169,train,0.881578947368421,0.8701298701298701
cleveland,logistic_regression,12,169,val,0.8301886792452831,0.7857142857142857
cleveland,random_forest,12,193,train,0.9886363636363636,0.9886363636363636
cleveland,random_forest,12,193,val,0.8,0.7142857142857143
cleveland,logistic_regression,12,193,train,0.8690476190476191,0.8295454545454546
cleveland,logistic_regression,12,193,val,0.8148148148148148,0.7857142857142857
cleveland,random_forest,12,217,train,0.9797979797979798,0.9797979797979798
cleveland,random_forest,12,217,val,0.7843137254901961,0.7142857142857143
cleveland,logistic_regression,12,217,train,0.8691099476439791,0.8383838383838383
cleveland,logistic_regression,12,217,val,0.7924528301886793,0.75
cleveland,random_forest,12,242,train,0.9818181818181818,0.9818181818181818
cleveland,random_forest,12,242,val,0.7843137254901961,0.7142857142857143
cleveland,logistic_regression,12,242,train,0.8679245283018868,0.8363636363636363
cleveland,logistic_regression,12,242,val,0.7924528301886793,0.75
cleveland,random_forest,13,24,train,1.0,1.0
cleveland,random_forest,13,24,val,0.7169811320754716,0.7037037037037037
cleveland,logistic_regression,13,24,train,1.0,1.0
cleveland,logistic_regression,13,24,val,0.7083333333333334,0.6296296296296297
cleveland,random_forest,13,48,train,1.0,1.0
cleveland,random_forest,13,48,val,0.7407407407407407,0.7407407407407407
cleveland,logistic_regression,13,48,train,0.9302325581395349,0.9090909090909091
cleveland,logistic_regression,13,48,val,0.8148148148148148,0.8148148148148148
cleveland,random_forest,13,72,train,0.9850746268656716,1.0
cleveland,random_forest,13,72,val,0.7777777777777778,0.7777777777777778
cleveland,logistic_regression,13,72,train,0.9206349206349206,0.8787878787878788
cleveland,logistic_regression,13,72,val,0.8148148148148148,0.8148148148148148
cleveland,random_forest,13,96,train,1.0,1.0
cleveland,random_forest,13,96,val,0.7843137254901961,0.7407407407407407
cleveland,logistic_regression,13,96,train,0.8837209302325582,0.8636363636363636
cleveland,logistic_regression,13,96,val,0.8076923076923077,0.7777777777777778
cleveland,random_forest,13,121,train,1.0,1.0
cleveland,random_forest,13,121,val,0.7843137254901961,0.7407407407407407
cleveland,logistic_regression,13,121,train,0.8807339449541285,0.8727272727272727
cleveland,logistic_regression,13,121,val,0.7916666666666666,0.7037037037037037
cleveland,random_forest,13,145,train,1.0,1.0
cleveland,random_forest,13,145,val,0.76,0.7037037037037037
cleveland,logistic_regression,13,145,train,0.8992248062015504,0.8787878787878788
cleveland,logistic_regression,13,145,val,0.7916666666666666,0.7037037037037037
cleveland,random_forest,13,169,train,1.0,1.0
cleveland,random_forest,13,169,val,0.76,0.7037037037037037
cleveland,logistic_regression,13,169,train,0.9006622516556292,0.8831168831168831
cleveland,logistic_regression,13,169,val,0.8163265306122449,0.7407407407407407
cleveland,random_forest,13,193,train,0.9887640449438202,1.0
cleveland,random_forest,13,193,val,0.7916666666666666,0.7037037037037037
cleveland,logistic_regression,13,193,train,0.8588235294117647,0.8295454545454546
cleveland,logistic_regression,13,193,val,0.7755102040816326,0.7037037037037037
cleveland,random_forest,13,217,train,0.99,1.0
cleveland,random_forest,13,217,val,0.7755102040816326,0.7037037037037037
cleveland,logistic_regression,13,217,train,0.8762886597938144,0.8585858585858586
cleveland,logistic_regression,13,217,val,0.8163265306122449,0.7407407407407407
cleveland,random_forest,13,242,train,0.9819819819819819,0.9819819819819819
cleveland,random_forest,13,242,val,0.7755102040816326,0.7037037037037037
cleveland,logistic_regression,13,242,train,0.8703703703703703,0.8468468468468469
cleveland,logistic_regression,13,242,val,0.8085106382978723,0.7037037037037037
cleveland,random_forest,14,24,train,1.0,1.0
cleveland,random_forest,14,24,val,0.7636363636363637,0.7777777777777778
cleveland,logistic_regression,14,24,train,1.0,1.0
cleveland,logistic_regression,14,24,val,0.7368421052631579,0.7777777777777778
cleveland,random_forest,14,48,train,1.0,1.0
cleveland,random_forest,14,48,val,0.7777777777777778,0.7777777777777778
cleveland,logistic_regression,14,48,train,0.8444444444444444,0.8636363636363636
cleveland,logistic_regression,14,48,val,0.8571428571428571,0.8888888888888888
cleveland,random_forest,14,72,train,0.9846153846153847,0.9696969696969697
cleveland,random_forest,14,72,val,0.7777777777777778,0.7777777777777778
cleveland,logistic_regression,14,72,train,0.8787878787878788,0.8787878787878788
cleveland,logistic_regression,14,72,val,0.8148148148148148,0.8148148148148148
cleveland,random_forest,14,96,train,0.9885057471264368,0.9772727272727273
cleveland,random_forest,14,96,val,0.7777777777777778,0.7777777777777778
cleveland,logistic_regression,14,96,train,0.813953488372093,0.7954545454545454
cleveland,logistic_regression,14,96,val,0.8518518518518519,0.8518518518518519
cleveland,random_forest,14,121,train,0.9908256880733946,0.9818181818181818
cleveland,random_forest,14,121,val,0.8148148148148148,0.8148148148148148
cleveland,logistic_regression,14,121,train,0.822429906542056,0.8
cleveland,logistic_regression,14,121,val,0.8518518518518519,0.8518518518518519
cleveland,random_forest,14,145,train,0.9923664122137404,0.9848484848484849
cleveland,random_forest,14,145,val,0.8518518518518519,0.8518518518518519
cleveland,logistic_regression,14,145,train,0.8307692307692308,0.8181818181818182
cleveland,logistic_regression,14,145,val,0.8518518518518519,0.8518518518518519
cleveland,random_forest,14,169,train,0.9934640522875817,0.987012987012987
cleveland,random_forest,14,169,val,0.8727272727272727,0.8888888888888888
cleveland,logistic_regression,14,169,train,0.8311688311688312,0.8311688311688312
cleveland,logistic_regression,14,169,val,0.8571428571428571,0.8888888888888888
cleveland,random_forest,14,193,train,0.9826589595375722,0.9659090909090909
cleveland,random_forest,14,193,val,0.8518518518518519,0.8518518518518519
cleveland,logistic_regression,14,193,train,0.8488372093023255,0.8295454545454546
cleveland,logistic_regression,14,193,val,0.8571428571428571,0.8888888888888888
cleveland,random_forest,14,217,train,0.9897959183673469,0.9797979797979798
cleveland,random_forest,14,217,val,0.8771929824561403,0.9259259259259259
cleveland,logistic_regression,14,217,train,0.8601036269430051,0.8383838383838383
cleveland,logistic_regression,14,217,val,0.8727272727272727,0.8888888888888888
cleveland,random_forest,14,242,train,0.990909090909091,0.9819819819819819
cleveland,random_forest,14,242,val,0.8679245283018868,0.8518518518518519
cleveland,logistic_regression,14,242,train,0.8558139534883721,0.8288288288288288
cleveland,logistic_regression,14,242,val,0.8363636363636363,0.8518518518518519
cleveland,random_forest,15,24,train,1.0,1.0
cleveland,random_forest,15,24,val,0.7916666666666666,0.6785714285714286
cleveland,logistic_regression,15,24,train,1.0,1.0
cleveland,logistic_regression,15,24,val,0.8727272727272727,0.8571428571428571
cleveland,random_forest,15,48,train,0.9545454545454546,0.9545454545454546
cleveland,random_forest,15,48,val,0.8461538461538461,0.7857142857142857
cleveland,logistic_regression,15,48,train,0.8837209302325582,0.8636363636363636
cleveland,logistic_regression,15,48,val,0.8888888888888888,0.8571428571428571
cleveland,random_forest,15,72,train,0.9846153846153847,0.9696969696969697
cleveland,random_forest,15,72,val,0.84,0.75
cleveland,logistic_regression,15,72,train,0.8923076923076924,0.8787878787878788
cleveland,logistic_regression,15,72,val,0.8888888888888888,0.8571428571428571
cleveland,random_forest,15,96,train,0.9662921348314607,0.9772727272727273
cleveland,random_forest,15,96,val,0.8679245283018868,0.8214285714285714
cleveland,logistic_regression,15,96,train,0.8666666666666667,0.8863636363636364
cleveland,logistic_regression,15,96,val,0.9259259259259259,0.8928571428571429
cleveland,random_forest,15,121,train,0.9818181818181818,0.9818181818181818
cleveland,random_forest,15,121,val,0.8888888888888888,0.8571428571428571
cleveland,logistic_regression,15,121,train,0.8648648648648649,0.8727272727272727
cleveland,logistic_regression,15,121,val,0.9056603773584906,0.8571428571428571
cleveland,random_forest,15,145,train,0.9774436090225563,0.9848484848484849
cleveland,random_forest,15,145,val,0.8461538461538461,0.7857142857142857
cleveland,logistic_regression,15,145,train,0.8270676691729323,0.8333333333333334
cleveland,logistic_regression,15,145,val,0.8846153846153846,0.8214285714285714
cleveland,random_forest,15,169,train,0.9743589743589743,0.987012987012987
cleveland,random_forest,15,169,val,0.9056603773584906,0.8571428571428571
cleveland,logistic_regression,15,169,train,0.8299319727891157,0.7922077922077922
cleveland,logistic_regression,15,169,val,0.9056603773584906,0.8571428571428571
cleveland,random_forest,15,193,train,0.9886363636363636,0.9886363636363636
cleveland,random_forest,15,193,val,0.8888888888888888,0.8571428571428571
cleveland,logistic_regression,15,193,train,0.8352941176470589,0.8068181818181818
cleveland,logistic_regression,15,193,val,0.9259259259259259,0.8928571428571429
cleveland,random_forest,15,217,train,0.9849246231155779,0.98989898989899
cleveland,random_forest,15,217,val,0.8846153846153846,0.8214285714285714
cleveland,logistic_regression,15,217,train,0.837696335078534,0.8080808080808081
cleveland,logistic_regression,15,217,val,0.9259259259259259,0.8928571428571429
cleveland,random_forest,15,242,train,0.9818181818181818,0.9818181818181818
cleveland,random_forest,15,242,val,0.8888888888888888,0.8571428571428571
cleveland,logistic_regression,15,242,train,0.8380952380952381,0.8
cleveland,logistic_regression,15,242,val,0.9259259259259259,0.8928571428571429
cleveland,random_forest,16,24,train,1.0,1.0
cleveland,random_forest,16,24,val,0.7777777777777778,0.75
cleveland,logistic_regression,16,24,train,1.0,1.0
cleveland,logistic_regression,16,24,val,0.8275862068965517,0.8571428571428571
cleveland,random_forest,16,48,train,1.0,1.0
cleveland,random_forest,16,48,val,0.8148148148148148,0.7857142857142857
cleveland,logistic_regression,16,48,train,0.9777777777777777,1.0
cleveland,logistic_regression,16,48,val,0.7777777777777778,0.75
cleveland,random_forest,16,72,train,1.0,1.0
cleveland,random_forest,16,72,val,0.8214285714285714,0.8214285714285714
cleveland,logistic_regression,16,72,train,0.9538461538461539,0.9393939393939394
cleveland,logistic_regression,16,72,val,0.7931034482758621,0.8214285714285714
cleveland,random_forest,16,96,train,1.0,1.0
cleveland,random_forest,16,96,val,0.7407407407407407,0.7142857142857143
cleveland,logistic_regression,16,96,train,0.9090909090909091,0.9090909090909091
cleveland,logistic_regression,16,96,val,0.8070175438596491,0.8214285714285714
cleveland,random_forest,16,121,train,0.9818181818181818,0.9818181818181818
cleveland,random_forest,16,121,val,0.7547169811320755,0.7142857142857143
cleveland,logistic_regression,16,121,train,0.8679245283018868,0.8363636363636363
cleveland,logistic_regression,16,121,val,0.8,0.7857142857142857
cleveland,random_forest,16,145,train,1.0,1.0
cleveland,random_forest,16,145,val,0.7407407407407407,0.7142857142857143
cleveland,logistic_regression,16,145,train,0.8837209302325582,0.8636363636363636
cleveland,logistic_regression,16,145,val,0.7719298245614035,0.7857142857142857
cleveland,random_forest,16,169,train,0.987012987012987,0.987012987012987
cleveland,random_forest,16,169,val,0.7692307692307693,0.7142857142857143
cleveland,logistic_regression,16,169,train,0.8666666666666667,0.8441558441558441
cleveland,logistic_regression,16,169,val,0.8214285714285714,0.8214285714285714
cleveland,random_forest,16,193,train,0.9772727272727273,0.9772727272727273
cleveland,random_forest,16,193,val,0.7636363636363637,0.75
cleveland,logistic_regression,16,193,train,0.8837209302325582,0.8636363636363636
cleveland,logistic_regression,16,193,val,0.8214285714285714,0.8214285714285714
cleveland,random_forest,16,217,train,0.9797979797979798,0.9797979797979798
cleveland,random_forest,16,217,val,0.7547169811320755,0.7142857142857143
cleveland,logistic_regression,16,217,train,0.882051282051282,0.8686868686868687
cleveland,logistic_regression,16,217,val,0.8214285714285714,0.8214285714285714
cleveland,random_forest,16,242,train,0.9864253393665159,0.990909090909091
cleveland,random_forest,16,242,val,0.7547169811320755,0.7142857142857143
cleveland,logistic_regression,16,242,train,0.863849765258216,0.8363636363636363
cleveland,logistic_regression,16,242,val,0.8,0.7857142857142857
cleveland,random_forest,17,24,train,0.9565217391304348,1.0
cleveland,random_forest,17,24,val,0.723404255319149,0.6071428571428571
cleveland,logistic_regression,17,24,train,0.9565217391304348,1.0
cleveland,logistic_regression,17,24,val,0.7111111111111111,0.5714285714285714
cleveland,random_forest,17,48,train,0.9777777777777777,1.0
cleveland,random_forest,17,48,val,0.8163265306122449,0.7142857142857143
cleveland,logistic_regression,17,48,train,0.9545454545454546,0.9545454545454546
cleveland,logistic_regression,17,48,val,0.8,0.7142857142857143
cleveland,random_forest,17,72,train,0.9850746268656716,1.0
cleveland,random_forest,17,72,val,0.8163265306122449,0.7142857142857143
cleveland,logistic_regression,17,72,train,0.9032258064516129,0.8484848484848485
cleveland,logistic_regression,17,72,val,0.8461538461538461,0.7857142857142857
cleveland,random_forest,17,96,train,0.9772727272727273,0.9772727272727273
cleveland,random_forest,17,96,val,0.8235294117647058,0.75
cleveland,logistic_regression,17,96,train,0.9069767441860465,0.8863636363636364
cleveland,logistic_regression,17,96,val,0.8461538461538461,0.7857142857142857
cleveland,random_forest,17,121,train,0.9724770642201835,0.9636363636363636
cleveland,random_forest,17,121,val,0.8301886792452831,0.7857142857142857
cleveland,logistic_regression,17,121,train,0.8703703703703703,0.8545454545454545
cleveland,logistic_regression,17,121,val,0.8235294117647058,0.75
cleveland,random_forest,17,145,train,0.9848484848484849,0.9848484848484849
cleveland,random_forest,17,145,val,0.8214285714285714,0.8214285714285714
cleveland,logistic_regression,17,145,train,0.8372093023255814,0.8181818181818182
cleveland,logistic_regression,17,145,val,0.8,0.7142857142857143
cleveland,random_forest,17,169,train,0.987012987012987,0.987012987012987
cleveland,random_forest,17,169,val,0.8,0.7857142857142857
cleveland,logistic_regression,17,169,train,0.8533333333333334,0.8311688311688312
cleveland,logistic_regression,17,169,val,0.7916666666666666,0.6785714285714286
cleveland,random_forest,17,193,train,0.9830508474576272,0.9886363636363636
cleveland,random_forest,17,193,val,0.7924528301886793,0.75
cleveland,logistic_regression,17,193,train,0.8372093023255814,0.8181818181818182
cleveland,logistic_regression,17,193,val,0.7916666666666666,0.6785714285714286
cleveland,random_forest,17,217,train,0.9847715736040609,0.9797979797979798
cleveland,random_forest,17,217,val,0.8076923076923077,0.75
cleveland,logistic_regression,17,217,train,0.8421052631578947,0.8080808080808081
cleveland,logistic_regression,17,217,val,0.8846153846153846,0.8214285714285714
cleveland,random_forest,17,242,train,0.9775784753363229,0.990909090909091
cleveland,random_forest,17,242,val,0.7924528301886793,0.75
cleveland,logistic_regression,17,242,train,0.863849765258216,0.8363636363636363
cleveland,logistic_regression,17,242,val,0.8627450980392157,0.7857142857142857
cleveland,random_forest,18,24,train,1.0,1.0
cleveland,random_forest,18,24,val,0.7777777777777778,0.7777777777777778
cleveland,logistic_regression,18,24,train,1.0,1.0
cleveland,logistic_regression,18,24,val,0.723404255319149,0.6296296296296297
cleveland,random_forest,18,48,train,0.9767441860465116,0.9545454545454546
cleveland,random_forest,18,48,val,0.6153846153846154,0.5925925925925926
cleveland,logistic_regression,18,48,train,0.9047619047619048,0.8636363636363636
cleveland,logistic_regression,18,48,val,0.6538461538461539,0.6296296296296297
cleveland,random_forest,18,72,train,0.9846153846153847,0.9696969696969697
cleveland,random_forest,18,72,val,0.6666666666666666,0.6666666666666666
cleveland,logistic_regression,18,72,train,0.9393939393939394,0.9393939393939394
cleveland,logistic_regression,18,72,val,0.6530612244897959,0.5925925925925926
cleveland,random_forest,18,96,train,0.9767441860465116,0.9545454545454546
cleveland,random_forest,18,96,val,0.6909090909090909,0.7037037037037037
cleveland,logistic_regression,18,96,train,0.8764044943820225,0.8863636363636364
cleveland,logistic_regression,18,96,val,0.6923076923076923,0.6666666666666666
cleveland,random_forest,18,121,train,0.9814814814814815,0.9636363636363636
cleveland,random_forest,18,121,val,0.6909090909090909,0.7037037037037037
cleveland,logistic_regression,18,121,train,0.8648648648648649,0.8727272727272727
cleveland,logistic_regression,18,121,val,0.68,0.6296296296296297
cleveland,random_forest,18,145,train,0.9848484848484849,0.9848484848484849
cleveland,random_forest,18,145,val,0.75,0.7777777777777778
cleveland,logistic_regression,18,145,train,0.8769230769230769,0.8636363636363636
cleveland,logistic_regression,18,145,val,0.6923076923076923,0.6666666666666666
cleveland,random_forest,18,169,train,0.9934640522875817,0.987012987012987
cleveland,random_forest,18,169,val,0.7368421052631579,0.7777777777777778
cleveland,logistic_regression,18,169,train,0.8552631578947368,0.8441558441558441
cleveland,logistic_regression,18,169,val,0.7058823529411765,0.6666666666666666
cleveland,random_forest,18,193,train,0.9886363636363636,0.9886363636363636
cleveland,random_forest,18,193,val,0.75,0.7777777777777778
cleveland,logistic_regression,18,193,train,0.8735632183908046,0.8636363636363636
cleveland,logistic_regression,18,193,val,0.6938775510204082,0.6296296296296297
cleveland,random_forest,18,217,train,0.9846153846153847,0.9696969696969697
cleveland,random_forest,18,217,val,0.7272727272727273,0.7407407407407407
cleveland,logistic_regression,18,217,train,0.8673469387755102,0.8585858585858586
cleveland,logistic_regression,18,217,val,0.6938775510204082,0.6296296296296297
cleveland,random_forest,18,242,train,0.9864253393665159,0.9819819819819819
cleveland,random_forest,18,242,val,0.7272727272727273,0.7407407407407407
cleveland,logistic_regression,18,242,train,0.8858447488584474,0.8738738738738738
cleveland,logistic_regression,18,242,val,0.6938775510204082,0.6296296296296297
cleveland,random_forest,19,24,train,1.0,1.0
cleveland,random_forest,19,24,val,0.7692307692307693,0.7407407407407407
cleveland,logistic_regression,19,24,train,0.9090909090909091,0.9090909090909091
cleveland,logistic_regression,19,24,val,0.8275862068965517,0.8888888888888888
cleveland,random_forest,19,48,train,1.0,1.0
cleveland,random_forest,19,48,val,0.8518518518518519,0.8518518518518519
cleveland,logistic_regression,19,48,train,0.9090909090909091,0.9090909090909091
cleveland,logistic_regression,19,48,val,0.7868852459016393,0.8888888888888888
cleveland,random_forest,19,72,train,0.9850746268656716,1.0
cleveland,random_forest,19,72,val,0.8148148148148148,0.8148148148148148
cleveland,logistic_regression,19,72,train,0.8787878787878788,0.8787878787878788
cleveland,logistic_regression,19,72,val,0.8070175438596491,0.8518518518518519
cleveland,random_forest,19,96,train,0.9772727272727273,0.9772727272727273
cleveland,random_forest,19,96,val,0.7857142857142857,0.8148148148148148
cleveland,logistic_regression,19,96,train,0.8505747126436781,0.8409090909090909
cleveland,logistic_regression,19,96,val,0.8070175438596491,0.8518518518518519
cleveland,random_forest,19,121,train,0.9908256880733946,0.9818181818181818
cleveland,random_forest,19,121,val,0.7636363636363637,0.7777777777777778
cleveland,logistic_regression,19,121,train,0.8598130841121495,0.8363636363636363
cleveland,logistic_regression,19,121,val,0.8214285714285714,0.8518518518518519
cleveland,random_forest,19,145,train,0.9924812030075187,1.0
cleveland,random_forest,19,145,val,0.7169811320754716,0.7037037037037037
cleveland,logistic_regression,19,145,train,0.8372093023255814,0.8181818181818182
cleveland,logistic_regression,19,145,val,0.8148148148148148,0.8148148148148148
cleveland,random_forest,19,169,train,0.974025974025974,0.974025974025974
cleveland,random_forest,19,169,val,0.7692307692307693,0.7407407407407407
cleveland,logistic_regression,19,169,train,0.8609271523178808,0.8441558441558441
cleveland,logistic_regression,19,169,val,0.8518518518518519,0.8518518518518519
cleveland,random_forest,19,193,train,0.9772727272727273,0.9772727272727273
cleveland,random_forest,19,193,val,0.7547169811320755,0.7407407407407407
cleveland,logistic_regression,19,193,train,0.8505747126436781,0.8409090909090909
cleveland,logistic_regression,19,193,val,0.8363636363636363,0.8518518518518519
cleveland,random_forest,19,217,train,0.9797979797979798,0.9797979797979798
cleveland,random_forest,19,217,val,0.7636363636363637,0.7777777777777778
cleveland,logistic_regression,19,217,train,0.84375,0.8181818181818182
cleveland,logistic_regression,19,217,val,0.8,0.8148148148148148
cleveland,random_forest,19,242,train,0.9773755656108597,0.972972972972973
cleveland,random_forest,19,242,val,0.7547169811320755,0.7407407407407407
cleveland,logistic_regression,19,242,train,0.8518518518518519,0.8288288288288288
cleveland,logistic_regression,19,242,val,0.8421052631578947,0.8888888888888888
cleveland,random_forest,20,24,train,0.9523809523809523,0.9090909090909091
cleveland,random_forest,20,24,val,0.68,0.6071428571428571
cleveland,logistic_regression,20,24,train,1.0,1.0
cleveland,logistic_regression,20,24,val,0.7058823529411765,0.6428571428571429
cleveland,random_forest,20,48,train,0.9767441860465116,0.9545454545454546
cleveland,random_forest,20,48,val,0.8,0.7142857142857143
cleveland,logistic_regression,20,48,train,0.8837209302325582,0.8636363636363636
cleveland,logistic_regression,20,48,val,0.7692307692307693,0.7142857142857143
cleveland,random_forest,20,72,train,0.9538461538461539,0.9393939393939394
cleveland,random_forest,20,72,val,0.8461538461538461,0.7857142857142857
cleveland,logistic_regression,20,72,train,0.8484848484848485,0.8484848484848485
cleveland,logistic_regression,20,72,val,0.7547169811320755,0.7142857142857143
cleveland,random_forest,20,96,train,0.9772727272727273,0.9772727272727273
cleveland,random_forest,20,96,val,0.8518518518518519,0.8214285714285714
cleveland,logistic_regression,20,96,train,0.8470588235294118,0.8181818181818182
cleveland,logistic_regression,20,96,val,0.8148148148148148,0.7857142857142857
cleveland,random_forest,20,121,train,0.9724770642201835,0.9636363636363636
cleveland,random_forest,20,121,val,0.8461538461538461,0.7857142857142857
cleveland,logistic_regression,20,121,train,0.8440366972477065,0.8363636363636363
cleveland,logistic_regression,20,121,val,0.8,0.7857142857142857
cleveland,random_forest,20,145,train,0.9848484848484849,0.9848484848484849
cleveland,random_forest,20,145,val,0.8888888888888888,0.8571428571428571
cleveland,logistic_regression,20,145,train,0.8396946564885496,0.8333333333333334
cleveland,logistic_regression,20,145,val,0.8421052631578947,0.8571428571428571
cleveland,random_forest,20,169,train,0.987012987012987,0.987012987012987
cleveland,random_forest,20,169,val,0.9056603773584906,0.8571428571428571
cleveland,logistic_regression,20,169,train,0.8311688311688312,0.8311688311688312
cleveland,logistic_regression,20,169,val,0.8363636363636363,0.8214285714285714
cleveland,random_forest,20,193,train,0.9772727272727273,0.9772727272727273
cleveland,random_forest,20,193,val,0.9056603773584906,0.8571428571428571
cleveland,logistic_regression,20,193,train,0.8488372093023255,0.8295454545454546
cleveland,logistic_regression,20,193,val,0.8518518518518519,0.8214285714285714
cleveland,random_forest,20,217,train,0.98989898989899,0.98989898989899
cleveland,random_forest,20,217,val,0.8888888888888888,0.8571428571428571
cleveland,logistic_regression,20,217,train,0.8586387434554974,0.8282828282828283
cleveland,logistic_regression,20,217,val,0.8679245283018868,0.8214285714285714
cleveland,random_forest,20,242,train,0.9863013698630136,0.9818181818181818
cleveland,random_forest,20,242,val,0.9056603773584906,0.8571428571428571
cleveland,logistic_regression,20,242,train,0.8544600938967136,0.8272727272727273
cleveland,logistic_regression,20,242,val,0.8679245283018868,0.8214285714285714
cleveland,random_forest,21,24,train,1.0,1.0
cleveland,random_forest,21,24,val,0.7241379310344828,0.75
cleveland,logistic_regression,21,24,train,0.9523809523809523,0.9090909090909091
cleveland,logistic_regression,21,24,val,0.71875,0.8214285714285714
cleveland,random_forest,21,48,train,0.9767441860465116,0.9545454545454546
cleveland,random_forest,21,48,val,0.8301886792452831,0.7857142857142857
cleveland,logistic_regression,21,48,train,0.8571428571428571,0.8181818181818182
cleveland,logistic_regression,21,48,val,0.8,0.9285714285714286
cleveland,random_forest,21,72,train,0.9375,0.9090909090909091
cleveland,random_forest,21,72,val,0.7924528301886793,0.75
cleveland,logistic_regression,21,72,train,0.8307692307692308,0.8181818181818182
cleveland,logistic_regression,21,72,val,0.8,0.7857142857142857
cleveland,random_forest,21,96,train,0.9655172413793104,0.9545454545454546
cleveland,random_forest,21,96,val,0.7857142857142857,0.7857142857142857
cleveland,logistic_regression,21,96,train,0.8735632183908046,0.8636363636363636
cleveland,logistic_regression,21,96,val,0.8363636363636363,0.8214285714285714
cleveland,random_forest,21,121,train,0.9724770642201835,0.9636363636363636
cleveland,random_forest,21,121,val,0.8148148148148148,0.7857142857142857
cleveland,logistic_regression,21,121,train,0.8727272727272727,0.8727272727272727
cleveland,logistic_regression,21,121,val,0.8301886792452831,0.7857142857142857
cleveland,random_forest,21,145,train,0.9770992366412213,0.9696969696969697
cleveland,random_forest,21,145,val,0.7857142857142857,0.7857142857142857
cleveland,logistic_regression,21,145,train,0.8709677419354839,0.8181818181818182
cleveland,logistic_regression,21,145,val,0.8363636363636363,0.8214285714285714
cleveland,random_forest,21,169,train,0.9803921568627451,0.974025974025974
cleveland,random_forest,21,169,val,0.8461538461538461,0.7857142857142857
cleveland,logistic_regression,21,169,train,0.88,0.8571428571428571
cleveland,logistic_regression,21,169,val,0.8461538461538461,0.7857142857142857
cleveland,random_forest,21,193,train,0.9828571428571429,0.9772727272727273
cleveland,random_forest,21,193,val,0.7857142857142857,0.7857142857142857
cleveland,logistic_regression,21,193,train,0.8771929824561403,0.8522727272727273
cleveland,logistic_regression,21,193,val,0.8,0.7857142857142857
cleveland,random_forest,21,217,train,0.9746192893401016,0.9696969696969697
cleveland,random_forest,21,217,val,0.7857142857142857,0.7857142857142857
cleveland,logistic_regression,21,217,train,0.875,0.8484848484848485
cleveland,logistic_regression,21,217,val,0.8,0.7857142857142857
cleveland,random_forest,21,242,train,0.9727272727272728,0.9727272727272728
cleveland,random_forest,21,242,val,0.7719298245614035,0.7857142857142857
cleveland,logistic_regression,21,242,train,0.8720379146919431,0.8363636363636363
cleveland,logistic_regression,21,242,val,0.7857142857142857,0.7857142857142857
cleveland,random_forest,22,24,train,0.9565217391304348,1.0
cleveland,random_forest,22,24,val,0.7931034482758621,0.8214285714285714
cleveland,logistic_regression,22,24,train,0.9090909090909091,0.9090909090909091
cleveland,logistic_regression,22,24,val,0.7586206896551724,0.7857142857142857
cleveland,random_forest,22,48,train,0.9777777777777777,1.0
cleveland,random_forest,22,48,val,0.78125,0.8928571428571429
cleveland,logistic_regression,22,48,train,0.8444444444444444,0.8636363636363636
cleveland,logistic_regression,22,48,val,0.7666666666666667,0.8214285714285714
cleveland,random_forest,22,72,train,0.9705882352941176,1.0
cleveland,random_forest,22,72,val,0.8181818181818182,0.9642857142857143
cleveland,logistic_regression,22,72,train,0.8125,0.7878787878787878
cleveland,logistic_regression,22,72,val,0.7586206896551724,0.7857142857142857
cleveland,random_forest,22,96,train,1.0,1.0
cleveland,random_forest,22,96,val,0.8275862068965517,0.8571428571428571
cleveland,logistic_regression,22,96,train,0.8735632183908046,0.8636363636363636
cleveland,logistic_regression,22,96,val,0.8070175438596491,0.8214285714285714
cleveland,random_forest,22,121,train,0.9821428571428571,1.0
cleveland,random_forest,22,121,val,0.8928571428571429,0.8928571428571429
cleveland,logistic_regression,22,121,train,0.8648648648648649,0.8727272727272727
cleveland,logistic_regression,22,121,val,0.8301886792452831,0.7857142857142857
cleveland,random_forest,22,145,train,0.9850746268656716,1.0
cleveland,random_forest,22,145,val,0.8518518518518519,0.8214285714285714
cleveland,logistic_regression,22,145,train,0.8396946564885496,0.8333333333333334
cleveland,logistic_regression,22,145,val,0.8846153846153846,0.8214285714285714
cleveland,random_forest,22,169,train,0.9871794871794872,1.0
cleveland,random_forest,22,169,val,0.8518518518518519,0.8214285714285714
cleveland,logistic_regression,22,169,train,0.8516129032258064,0.8571428571428571
cleveland,logistic_regression,22,169,val,0.8679245283018868,0.8214285714285714
cleveland,random_forest,22,193,train,0.9887640449438202,1.0
cleveland,random_forest,22,193,val,0.8518518518518519,0.8214285714285714
cleveland,logistic_regression,22,193,train,0.8505747126436781,0.8409090909090909
cleveland,logistic_regression,22,193,val,0.8846153846153846,0.8214285714285714
cleveland,random_forest,22,217,train,0.9849246231155779,0.98989898989899
cleveland,random_forest,22,217,val,0.8301886792452831,0.7857142857142857
cleveland,logistic_regression,22,217,train,0.841025641025641,0.8282828282828283
cleveland,logistic_regression,22,217,val,0.8679245283018868,0.8214285714285714
cleveland,random_forest,22,242,train,0.9864253393665159,0.990909090909091
cleveland,random_forest,22,242,val,0.8363636363636363,0.8214285714285714
cleveland,logistic_regression,22,242,train,0.847926267281106,0.8363636363636363
cleveland,logistic_regression,22,242,val,0.8679245283018868,0.8214285714285714
cleveland,random_forest,23,24,train,1.0,1.0
cleveland,random_forest,23,24,val,0.7407407407407407,0.7407407407407407
cleveland,logistic_regression,23,24,train,0.9565217391304348,1.0
cleveland,logistic_regression,23,24,val,0.7924528301886793,0.7777777777777778
cleveland,random_forest,23,48,train,0.9777777777777777,1.0
cleveland,random_forest,23,48,val,0.7272727272727273,0.7407407407407407
cleveland,logistic_regression,23,48,train,0.8695652173913043,0.9090909090909091
cleveland,logistic_regression,23,48,val,0.7547169811320755,0.7407407407407407
cleveland,random_forest,23,72,train,1.0,1.0
cleveland,random_forest,23,72,val,0.7692307692307693,0.7407407407407407
cleveland,logistic_regression,23,72,train,0.8787878787878788,0.8787878787878788
cleveland,logistic_regression,23,72,val,0.7843137254901961,0.7407407407407407
cleveland,random_forest,23,96,train,0.9772727272727273,0.9772727272727273
cleveland,random_forest,23,96,val,0.7450980392156863,0.7037037037037037
cleveland,logistic_regression,23,96,train,0.8275862068965517,0.8181818181818182
cleveland,logistic_regression,23,96,val,0.84,0.7777777777777778
cleveland,random_forest,23,121,train,0.990990990990991,1.0
cleveland,random_forest,23,121,val,0.76,0.7037037037037037
cleveland,logistic_regression,23,121,train,0.8727272727272727,0.8727272727272727
cleveland,logistic_regression,23,121,val,0.8333333333333334,0.7407407407407407
cleveland,random_forest,23,145,train,0.9850746268656716,1.0
cleveland,random_forest,23,145,val,0.7692307692307693,0.7407407407407407
cleveland,logistic_regression,23,145,train,0.8837209302325582,0.8636363636363636
cleveland,logistic_regression,23,145,val,0.84,0.7777777777777778
cleveland,random_forest,23,169,train,0.9871794871794872,1.0
cleveland,random_forest,23,169,val,0.8148148148148148,0.8148148148148148
cleveland,logistic_regression,23,169,train,0.8571428571428571,0.8571428571428571
cleveland,logistic_regression,23,169,val,0.88,0.8148148148148148
cleveland,random_forest,23,193,train,0.9887640449438202,1.0
cleveland,random_forest,23,193,val,0.7692307692307693,0.7407407407407407
cleveland,logistic_regression,23,193,train,0.8620689655172413,0.8522727272727273
cleveland,logistic_regression,23,193,val,0.84,0.7777777777777778
cleveland,random_forest,23,217,train,0.98989898989899,0.98989898989899
cleveland,random_forest,23,217,val,0.7450980392156863,0.7037037037037037
cleveland,logistic_regression,23,217,train,0.8615384615384616,0.8484848484848485
cleveland,logistic_regression,23,217,val,0.8333333333333334,0.7407407407407407
cleveland,random_forest,23,242,train,0.9819819819819819,0.9819819819819819
cleveland,random_forest,23,242,val,0.7843137254901961,0.7407407407407407
cleveland,logistic_regression,23,242,train,0.8532110091743119,0.8378378378378378
cleveland,logistic_regression,23,242,val,0.8333333333333334,0.7407407407407407
cleveland,random_forest,24,24,train,1.0,1.0
cleveland,random_forest,24,24,val,0.7450980392156863,0.7037037037037037
cleveland,logistic_regression,24,24,train,0.9565217391304348,1.0
cleveland,logistic_regression,24,24,val,0.7450980392156863,0.7037037037037037
cleveland,random_forest,24,48,train,0.9767441860465116,0.9545454545454546
cleveland,random_forest,24,48,val,0.7407407407407407,0.7407407407407407
cleveland,logistic_regression,24,48,train,0.8837209302325582,0.8636363636363636
cleveland,logistic_regression,24,48,val,0.7666666666666667,0.8518518518518519
cleveland,random_forest,24,72,train,0.9846153846153847,0.9696969696969697
cleveland,random_forest,24,72,val,0.7692307692307693,0.7407407407407407
cleveland,logistic_regression,24,72,train,0.8823529411764706,0.9090909090909091
cleveland,logistic_regression,24,72,val,0.7272727272727273,0.7407407407407407
cleveland,random_forest,24,96,train,0.9885057471264368,0.9772727272727273
cleveland,random_forest,24,96,val,0.7636363636363637,0.7777777777777778
cleveland,logistic_regression,24,96,train,0.9111111111111111,0.9318181818181818
cleveland,logistic_regression,24,96,val,0.7540983606557377,0.8518518518518519
cleveland,random_forest,24,121,train,0.9908256880733946,0.9818181818181818
cleveland,random_forest,24,121,val,0.7407407407407407,0.7407407407407407
cleveland,logistic_regression,24,121,train,0.8990825688073395,0.8909090909090909
cleveland,logistic_regression,24,121,val,0.7666666666666667,0.8518518518518519
cleveland,random_forest,24,145,train,0.9923664122137404,0.9848484848484849
cleveland,random_forest,24,145,val,0.7777777777777778,0.7777777777777778
cleveland,logistic_regression,24,145,train,0.8888888888888888,0.8484848484848485
cleveland,logistic_regression,24,145,val,0.7457627118644068,0.8148148148148148
cleveland,random_forest,24,169,train,0.9868421052631579,0.974025974025974
cleveland,random_forest,24,169,val,0.7547169811320755,0.7407407407407407
cleveland,logistic_regression,24,169,train,0.8918918918918919,0.8571428571428571
cleveland,logistic_regression,24,169,val,0.7241379310344828,0.7777777777777778
cleveland,random_forest,24,193,train,0.9885057471264368,0.9772727272727273
cleveland,random_forest,24,193,val,0.7777777777777778,0.7777777777777778
cleveland,logistic_regression,24,193,train,0.8823529411764706,0.8522727272727273
cleveland,logistic_regression,24,193,val,0.7457627118644068,0.8148148148148148
cleveland,random_forest,24,217,train,0.9897959183673469,0.9797979797979798
cleveland,random_forest,24,217,val,0.7719298245614035,0.8148148148148148
cleveland,logistic_regression,24,217,train,0.8842105263157894,0.8484848484848485
cleveland,logistic_regression,24,217,val,0.7457627118644068,0.8148148148148148
cleveland,random_forest,24,242,train,0.990909090909091,0.9819819819819819
cleveland,random_forest,24,242,val,0.7719298245614035,0.8148148148148148
cleveland,logistic_regression,24,242,train,0.8837209302325582,0.8558558558558559
cleveland,logistic_regression,24,242,val,0.7457627118644068,0.8148148148148148
